{"files":["dev-e-techzone.pantheonsite.io_wpvivid-642c36a42035b_2023-04-04-14-39_backup_db.sql"],"tables":[{"name":"wp_wc_reserved_stock","size":16384,"rows":"0"},{"name":"wp_wcusage_clicks","size":16384,"rows":"0"},{"name":"wp_mailpoet_automation_triggers","size":16384,"rows":"0"},{"name":"wp_mailpoet_automations","size":16384,"rows":"0"},{"name":"wp_wcusage_register","size":16384,"rows":"0"},{"name":"wp_gla_merchant_issues","size":16384,"rows":"0"},{"name":"wp_mailpoet_statistics_bounces","size":16384,"rows":"0"},{"name":"wp_gla_attribute_mapping_rules","size":16384,"rows":"0"},{"name":"wp_mailpoet_forms","size":16384,"rows":"0"},{"name":"wp_woocommerce_shipping_zone_methods","size":16384,"rows":"0"},{"name":"wp_woocommerce_shipping_zones","size":16384,"rows":"0"},{"name":"wp_mailpoet_log","size":16384,"rows":"0"},{"name":"wp_cky_cookies","size":16384,"rows":"0"},{"name":"wp_wc_category_lookup","size":16384,"rows":"36"},{"name":"wp_wcusage_activity","size":16384,"rows":"0"},{"name":"wp_mailpoet_settings","size":32768,"rows":"27"},{"name":"wp_woocommerce_attribute_taxonomies","size":32768,"rows":"7"},{"name":"wp_woocommerce_log","size":32768,"rows":"0"},{"name":"wp_mailpoet_scheduled_task_subscribers","size":32768,"rows":"0"},{"name":"wp_mailpoet_statistics_forms","size":32768,"rows":"0"},{"name":"wp_mailpoet_tags","size":32768,"rows":"0"},{"name":"wp_wc_webhooks","size":32768,"rows":"0"},{"name":"wp_wc_tax_rate_classes","size":32768,"rows":"2"},{"name":"wp_mailpoet_newsletter_segment","size":32768,"rows":"0"},{"name":"wp_mailpoet_subscriber_custom_field","size":32768,"rows":"0"},{"name":"wp_mailpoet_subscriber_ips","size":32768,"rows":"0"},{"name":"wp_wc_rate_limits","size":32768,"rows":"0"},{"name":"wp_wc_product_download_directories","size":32768,"rows":"3"},{"name":"wp_wc_product_attributes_lookup","size":32768,"rows":"148"},{"name":"wp_actionscheduler_claims","size":32768,"rows":"0"},{"name":"wp_mailpoet_user_agents","size":32768,"rows":"0"},{"name":"wp_mailpoet_user_flags","size":32768,"rows":"0"},{"name":"wp_woocommerce_order_items","size":32768,"rows":"3"},{"name":"wp_mailpoet_newsletter_option_fields","size":32768,"rows":"24"},{"name":"wp_mailpoet_newsletter_posts","size":32768,"rows":"0"},{"name":"wp_woocommerce_payment_tokens","size":32768,"rows":"0"},{"name":"wp_actionscheduler_groups","size":32768,"rows":"7"},{"name":"wp_yoast_migrations","size":32768,"rows":"23"},{"name":"wp_cky_cookie_categories","size":32768,"rows":"5"},{"name":"wp_depicter_options","size":32768,"rows":"0"},{"name":"wp_e_events","size":32768,"rows":"0"},{"name":"wp_woocommerce_sessions","size":32768,"rows":"5"},{"name":"wp_wc_admin_note_actions","size":32768,"rows":"52"},{"name":"wp_links","size":32768,"rows":"0"},{"name":"wp_mailpoet_automation_run_logs","size":32768,"rows":"0"},{"name":"wp_gla_shipping_times","size":32768,"rows":"0"},{"name":"wp_mailpoet_automation_runs","size":32768,"rows":"0"},{"name":"wp_mailpoet_custom_fields","size":32768,"rows":"0"},{"name":"wp_mailpoet_dynamic_segment_filters","size":32768,"rows":"0"},{"name":"wp_mailpoet_feature_flags","size":32768,"rows":"0"},{"name":"wp_mailpoet_migrations","size":32768,"rows":"8"},{"name":"wp_mailpoet_automation_versions","size":32768,"rows":"0"},{"name":"wp_mailpoet_newsletter_option","size":32768,"rows":"0"},{"name":"wp_wc_order_coupon_lookup","size":49152,"rows":"1"},{"name":"wp_woocommerce_order_itemmeta","size":49152,"rows":"19"},{"name":"wp_wc_customer_lookup","size":49152,"rows":"1"},{"name":"wp_wc_download_log","size":49152,"rows":"0"},{"name":"wp_woocommerce_payment_tokenmeta","size":49152,"rows":"0"},{"name":"wp_wc_order_tax_lookup","size":49152,"rows":"0"},{"name":"wp_yoast_primary_term","size":49152,"rows":"13"},{"name":"wp_woocommerce_tax_rate_locations","size":49152,"rows":"0"},{"name":"wp_woocommerce_api_keys","size":49152,"rows":"0"},{"name":"wp_woocommerce_shipping_zone_locations","size":49152,"rows":"0"},{"name":"wp_wc_admin_notes","size":49152,"rows":"43"},{"name":"wp_yoast_seo_links","size":49152,"rows":"73"},{"name":"wp_gla_shipping_rates","size":49152,"rows":"0"},{"name":"wp_mailpoet_subscriber_tag","size":49152,"rows":"0"},{"name":"wp_cky_banners","size":49152,"rows":"2"},{"name":"wp_mailpoet_statistics_newsletters","size":49152,"rows":"0"},{"name":"wp_mailpoet_segments","size":49152,"rows":"3"},{"name":"wp_mailpoet_scheduled_tasks","size":49152,"rows":"36"},{"name":"wp_mailpoet_stats_notifications","size":49152,"rows":"0"},{"name":"wp_terms","size":49152,"rows":"49"},{"name":"wp_termmeta","size":49152,"rows":"55"},{"name":"wp_term_taxonomy","size":49152,"rows":"49"},{"name":"wp_mailpoet_subscriber_segment","size":49152,"rows":"7"},{"name":"wp_commentmeta","size":49152,"rows":"31"},{"name":"wp_depicter_documents","size":49152,"rows":"0"},{"name":"wp_mailpoet_sending_queues","size":49152,"rows":"0"},{"name":"wp_mailpoet_newsletters","size":49152,"rows":"0"},{"name":"wp_mailpoet_automation_run_subjects","size":49152,"rows":"0"},{"name":"wp_mailpoet_statistics_unsubscribes","size":65536,"rows":"0"},{"name":"wp_mailpoet_newsletter_links","size":65536,"rows":"0"},{"name":"wp_wc_order_stats","size":65536,"rows":"1"},{"name":"wp_term_relationships","size":65536,"rows":"450"},{"name":"wp_users","size":65536,"rows":"4"},{"name":"wp_ulike_meta","size":65536,"rows":"27"},{"name":"wp_yoast_indexable_hierarchy","size":65536,"rows":"17"},{"name":"wp_mailpoet_statistics_clicks","size":65536,"rows":"0"},{"name":"wp_woocommerce_tax_rates","size":81920,"rows":"0"},{"name":"wp_woocommerce_downloadable_product_permissions","size":81920,"rows":"0"},{"name":"wp_ulike","size":81920,"rows":"0"},{"name":"wp_ulike_comments","size":81920,"rows":"0"},{"name":"wp_mailpoet_statistics_woocommerce_purchases","size":81920,"rows":"0"},{"name":"wp_wc_order_product_lookup","size":81920,"rows":"1"},{"name":"wp_ulike_activities","size":81920,"rows":"0"},{"name":"wp_ulike_forums","size":81920,"rows":"0"},{"name":"wp_mailpoet_statistics_opens","size":98304,"rows":"0"},{"name":"wp_wc_product_meta_lookup","size":114688,"rows":"132"},{"name":"wp_comments","size":114688,"rows":"14"},{"name":"wp_usermeta","size":131072,"rows":"177"},{"name":"wp_yoast_indexable","size":147456,"rows":"28"},{"name":"wp_mailpoet_subscribers","size":147456,"rows":"4"},{"name":"wp_gla_budget_recommendations","size":376832,"rows":"4230"},{"name":"wp_actionscheduler_logs","size":409600,"rows":"2672"},{"name":"wp_actionscheduler_actions","size":835584,"rows":"883"},{"name":"wp_posts","size":1622016,"rows":"355"},{"name":"wp_mailpoet_newsletter_templates","size":2162688,"rows":"69"},{"name":"wp_options","size":3719168,"rows":"1224"},{"name":"wp_postmeta","size":5029888,"rows":"4839"}],"dump_db":1,"file_type":"databases","home_url":"https:\/\/dev-e-techzone.pantheonsite.io","root_flag":"custom","php_version":"7.4.30","mysql_version":"5.5.30","wp_version":"6.2","file":"dev-e-techzone.pantheonsite.io_wpvivid-642c36a42035b_2023-04-04-14-39_backup_db.part001.zip"}